candidato,enlace_limpio,usuario,fecha,texto,enlace_comentario_limpio,texto_comentario
Carlos_Rabascall,https://x.com/Expresoec/status/1823473381640904875,@Expresoec,2024-08-13T21:35:07.000Z,"Analía Ledesma, presidenta de la organización política Izquierda Democrática (ID), confirmó que Alejandra Rivas Mantilla es la precandidata para ser binomio de Carlos Rabascall. ¿Quién es Rivas?

Te contamos más
bit.ly/4cs8Ped",https://x.com/Expresoec/status/1823473381640904875/photo/1,"Analía Ledesma, presidenta de la organización política Izquierda Democrática (ID), confirmó que Alejandra Rivas Mantilla es la precandidata para ser binomio de Carlos Rabascall. ¿Quién es Rivas?

Te contamos más bit.ly/4cs8Ped"
Carlos_Rabascall,https://x.com/ecuainm_oficial/status/1822332487449657591,@ecuainm_oficial,2024-08-10T18:01:36.000Z,"#URGENTE
 
@LuisaGonzalezEc
 y 
@DiegoBorjaPC
 es el binomio escogido por la 
@RC5Oficial
 para participar en las elecciones 2025. Mientras que para asambleístas nacionales figuran los nombres de Ricardo Patiño, Xavier Lasso y Paola Cabezas.",https://x.com/ecuainm_oficial/status/1822332487449657591/photo/2,"#URGENTE #URGENTE @LuisaGonzalezEc @LuisaGonzalezEc @LuisaGonzalezEc y @DiegoBorjaPC @DiegoBorjaPC @DiegoBorjaPC es el binomio escogido por la @RC5Oficial @RC5Oficial @RC5Oficial para participar en las elecciones 2025. Mientras que para asambleístas nacionales figuran los nombres de Ricardo Patiño, Xavier Lasso y Paola Cabezas."
Carlos_Rabascall,https://x.com/ecuainm_oficial/status/1822332487449657591,@ecuainm_oficial,2024-08-10T18:01:36.000Z,"#URGENTE
 
@LuisaGonzalezEc
 y 
@DiegoBorjaPC
 es el binomio escogido por la 
@RC5Oficial
 para participar en las elecciones 2025. Mientras que para asambleístas nacionales figuran los nombres de Ricardo Patiño, Xavier Lasso y Paola Cabezas.",https://x.com/ecuainm_oficial/status/1822332487449657591/history,N/A
Carlos_Rabascall,https://x.com/ecuainm_oficial/status/1822332487449657591,@ecuainm_oficial,2024-08-10T18:01:36.000Z,"#URGENTE
 
@LuisaGonzalezEc
 y 
@DiegoBorjaPC
 es el binomio escogido por la 
@RC5Oficial
 para participar en las elecciones 2025. Mientras que para asambleístas nacionales figuran los nombres de Ricardo Patiño, Xavier Lasso y Paola Cabezas.",https://x.com/ecuainm_oficial/status/1822332487449657591/photo/1,"#URGENTE #URGENTE @LuisaGonzalezEc @LuisaGonzalezEc @LuisaGonzalezEc y @DiegoBorjaPC @DiegoBorjaPC @DiegoBorjaPC es el binomio escogido por la @RC5Oficial @RC5Oficial @RC5Oficial para participar en las elecciones 2025. Mientras que para asambleístas nacionales figuran los nombres de Ricardo Patiño, Xavier Lasso y Paola Cabezas."
Carlos_Rabascall,https://x.com/Expresoec/status/1804264312518668440/photo/1,@Expresoec,2024-06-21T21:25:08.000Z,"Luego de que Carlos Rabascall abandonara la precandidatura presidencial por Centro Democrático, la dirigencia está buscando un abanderado que los represente en las elecciones del 2025. En este contexto, Jimmy Jairala salta al ruedo. 

Lee más  
bit.ly/3zdJsPs",https://x.com/Expresoec/status/1804264312518668440,"Luego de que Carlos Rabascall abandonara la precandidatura presidencial por Centro Democrático, la dirigencia está buscando un abanderado que los represente en las elecciones del 2025. En este contexto, Jimmy Jairala salta al ruedo. 

Lee más bit.ly/3zdJsPs"
Carlos_Rabascall,https://x.com/ecuainm_oficial/status/1822332487449657591/photo/2,@ecuainm_oficial,2024-08-10T18:01:36.000Z,"#URGENTE
 
@LuisaGonzalezEc
 y 
@DiegoBorjaPC
 es el binomio escogido por la 
@RC5Oficial
 para participar en las elecciones 2025. Mientras que para asambleístas nacionales figuran los nombres de Ricardo Patiño, Xavier Lasso y Paola Cabezas.",https://x.com/ecuainm_oficial/status/1822332487449657591/history,N/A
Carlos_Rabascall,https://x.com/ecuainm_oficial/status/1822332487449657591/photo/2,@ecuainm_oficial,2024-08-10T18:01:36.000Z,"#URGENTE
 
@LuisaGonzalezEc
 y 
@DiegoBorjaPC
 es el binomio escogido por la 
@RC5Oficial
 para participar en las elecciones 2025. Mientras que para asambleístas nacionales figuran los nombres de Ricardo Patiño, Xavier Lasso y Paola Cabezas.",https://x.com/ecuainm_oficial/status/1822332487449657591/photo/1,"#URGENTE #URGENTE @LuisaGonzalezEc @LuisaGonzalezEc @LuisaGonzalezEc y @DiegoBorjaPC @DiegoBorjaPC @DiegoBorjaPC es el binomio escogido por la @RC5Oficial @RC5Oficial @RC5Oficial para participar en las elecciones 2025. Mientras que para asambleístas nacionales figuran los nombres de Ricardo Patiño, Xavier Lasso y Paola Cabezas."
Carlos_Rabascall,https://x.com/ecuainm_oficial/status/1822332487449657591/photo/1,@ecuainm_oficial,2024-08-10T18:01:36.000Z,"#URGENTE
 
@LuisaGonzalezEc
 y 
@DiegoBorjaPC
 es el binomio escogido por la 
@RC5Oficial
 para participar en las elecciones 2025. Mientras que para asambleístas nacionales figuran los nombres de Ricardo Patiño, Xavier Lasso y Paola Cabezas.",https://x.com/ecuainm_oficial/status/1822332487449657591/photo/2,"#URGENTE #URGENTE @LuisaGonzalezEc @LuisaGonzalezEc @LuisaGonzalezEc y @DiegoBorjaPC @DiegoBorjaPC @DiegoBorjaPC es el binomio escogido por la @RC5Oficial @RC5Oficial @RC5Oficial para participar en las elecciones 2025. Mientras que para asambleístas nacionales figuran los nombres de Ricardo Patiño, Xavier Lasso y Paola Cabezas."
Carlos_Rabascall,https://x.com/ecuainm_oficial/status/1822332487449657591/photo/1,@ecuainm_oficial,2024-08-10T18:01:36.000Z,"#URGENTE
 
@LuisaGonzalezEc
 y 
@DiegoBorjaPC
 es el binomio escogido por la 
@RC5Oficial
 para participar en las elecciones 2025. Mientras que para asambleístas nacionales figuran los nombres de Ricardo Patiño, Xavier Lasso y Paola Cabezas.",https://x.com/ecuainm_oficial/status/1822332487449657591/history,N/A
Carlos_Rabascall,https://x.com/teleamazonasec/status/1881687674941259938,@teleamazonasec,2025-01-21T12:55:52.000Z,"#ENTREVISTA | Carlos Rabascall: ""Se debe incrementar el universo de afiliados al IESS generando empleo"" 
ow.ly/wANT50UK4Ut",https://x.com/teleamazonasec/status/1881687154411323447,"#ENTREVISTA #ENTREVISTA | Carlos Rabascall: ""Se debe incrementar el universo de afiliados al IESS generando empleo"" ow.ly/wANT50UK4Ut"
Carlos_Rabascall,https://x.com/teleamazonasec/status/1881687674941259938,@teleamazonasec,2025-01-21T12:55:52.000Z,"#ENTREVISTA | Carlos Rabascall: ""Se debe incrementar el universo de afiliados al IESS generando empleo"" 
ow.ly/wANT50UK4Ut",https://x.com/teleamazonasec/status/1881687154411323447,"#ENTREVISTA #ENTREVISTA | Carlos Rabascall: ""Se debe incrementar el universo de afiliados al IESS generando empleo"" ow.ly/wANT50UK4Ut"
Carlos_Rabascall,https://x.com/DerechaDiarioEC/status/1871657654655021553,@DerechaDiarioEC,2024-12-24T20:42:13.000Z," | El comunista Rafael Correa detalló su plan político para 2025: Convocar una asamblea constituyente para permitir la reelección indefinida, reemplazar autoridades de control y eliminar procesos judiciales en su contra.",https://x.com/Fabinmoreno25/status/1871825274628915642,Y el hdp que está en el poder en Ecuador lo hizo en menos de un año!! Nos siguen mintiendo prensa corrupta
Carlos_Rabascall,https://x.com/DerechaDiarioEC/status/1871657654655021553,@DerechaDiarioEC,2024-12-24T20:42:13.000Z," | El comunista Rafael Correa detalló su plan político para 2025: Convocar una asamblea constituyente para permitir la reelección indefinida, reemplazar autoridades de control y eliminar procesos judiciales en su contra.",https://x.com/Fabinmoreno25/status/1871825274628915642,Y el hdp que está en el poder en Ecuador lo hizo en menos de un año!! Nos siguen mintiendo prensa corrupta
Carlos_Rabascall,https://x.com/DerechaDiarioEC/status/1871657654655021553,@DerechaDiarioEC,2024-12-24T20:42:13.000Z," | El comunista Rafael Correa detalló su plan político para 2025: Convocar una asamblea constituyente para permitir la reelección indefinida, reemplazar autoridades de control y eliminar procesos judiciales en su contra.",https://x.com/Jeremy_Antuam/status/1871918035289989445,"Dónde este desalmado regrese al poder, solo Dios nos puede ayudar, este señor tiene problemas mentales y los disfraza de liderazgo."
Carlos_Rabascall,https://x.com/DerechaDiarioEC/status/1871657654655021553,@DerechaDiarioEC,2024-12-24T20:42:13.000Z," | El comunista Rafael Correa detalló su plan político para 2025: Convocar una asamblea constituyente para permitir la reelección indefinida, reemplazar autoridades de control y eliminar procesos judiciales en su contra.",https://x.com/wladimir_ponce/status/1871803920454164483,N/A
Carlos_Rabascall,https://x.com/DerechaDiarioEC/status/1871657654655021553,@DerechaDiarioEC,2024-12-24T20:42:13.000Z," | El comunista Rafael Correa detalló su plan político para 2025: Convocar una asamblea constituyente para permitir la reelección indefinida, reemplazar autoridades de control y eliminar procesos judiciales en su contra.",https://x.com/DerechaDiarioEC/status/1871657654655021553/photo/1,"| El comunista Rafael Correa detalló su plan político para 2025: Convocar una asamblea constituyente para permitir la reelección indefinida, reemplazar autoridades de control y eliminar procesos judiciales en su contra."
Carlos_Rabascall,https://x.com/DerechaDiarioEC/status/1871657654655021553,@DerechaDiarioEC,2024-12-24T20:42:13.000Z," | El comunista Rafael Correa detalló su plan político para 2025: Convocar una asamblea constituyente para permitir la reelección indefinida, reemplazar autoridades de control y eliminar procesos judiciales en su contra.",https://x.com/wladimir_ponce/status/1871803920454164483,N/A
Carlos_Rabascall,https://x.com/DerechaDiarioEC/status/1871657654655021553,@DerechaDiarioEC,2024-12-24T20:42:13.000Z," | El comunista Rafael Correa detalló su plan político para 2025: Convocar una asamblea constituyente para permitir la reelección indefinida, reemplazar autoridades de control y eliminar procesos judiciales en su contra.",https://x.com/wladimir_ponce/status/1871803920454164483/photo/1,N/A
Carlos_Rabascall,https://x.com/DerechaDiarioEC/status/1871657654655021553,@DerechaDiarioEC,2024-12-24T20:42:13.000Z," | El comunista Rafael Correa detalló su plan político para 2025: Convocar una asamblea constituyente para permitir la reelección indefinida, reemplazar autoridades de control y eliminar procesos judiciales en su contra.",https://x.com/JuanPab40442210/status/1872006854785855595,Desmantelar qué Patrón? Ya no queda nada.
Carlos_Rabascall,https://x.com/DerechaDiarioEC/status/1871657654655021553,@DerechaDiarioEC,2024-12-24T20:42:13.000Z," | El comunista Rafael Correa detalló su plan político para 2025: Convocar una asamblea constituyente para permitir la reelección indefinida, reemplazar autoridades de control y eliminar procesos judiciales en su contra.",https://x.com/Jeremy_Antuam/status/1871918035289989445,"Dónde este desalmado regrese al poder, solo Dios nos puede ayudar, este señor tiene problemas mentales y los disfraza de liderazgo."
Carlos_Rabascall,https://x.com/DerechaDiarioEC/status/1871657654655021553,@DerechaDiarioEC,2024-12-24T20:42:13.000Z," | El comunista Rafael Correa detalló su plan político para 2025: Convocar una asamblea constituyente para permitir la reelección indefinida, reemplazar autoridades de control y eliminar procesos judiciales en su contra.",https://x.com/JuanPab40442210/status/1872006854785855595,Desmantelar qué Patrón? Ya no queda nada.
Carlos_Rabascall,https://x.com/RadioMorena640/status/1817254126880969099,@RadioMorena640,2024-07-27T17:42:01.000Z,"#ATENCION 

Carlos Rabascall se encuentra en la sede de Izquierda Democrática para el proceso de afiliación. 

Rabascall será precandidato presidencial por el partido de la lista 12 para las elecciones del 2025.

 
@vicenteopi
#Urgente #Politica #Noticias #Ecuador",nan,
Carlos_Rabascall,https://x.com/ecuainm_oficial/status/1822332487449657591,@ecuainm_oficial,2024-08-10T18:01:36.000Z,"#URGENTE
 
@LuisaGonzalezEc
 y 
@DiegoBorjaPC
 es el binomio escogido por la 
@RC5Oficial
 para participar en las elecciones 2025. Mientras que para asambleístas nacionales figuran los nombres de Ricardo Patiño, Xavier Lasso y Paola Cabezas.",https://x.com/ecuainm_oficial/status/1822332487449657591/photo/2,"#URGENTE #URGENTE @LuisaGonzalezEc @LuisaGonzalezEc @LuisaGonzalezEc y @DiegoBorjaPC @DiegoBorjaPC @DiegoBorjaPC es el binomio escogido por la @RC5Oficial @RC5Oficial @RC5Oficial para participar en las elecciones 2025. Mientras que para asambleístas nacionales figuran los nombres de Ricardo Patiño, Xavier Lasso y Paola Cabezas."
Carlos_Rabascall,https://x.com/ecuainm_oficial/status/1822332487449657591,@ecuainm_oficial,2024-08-10T18:01:36.000Z,"#URGENTE
 
@LuisaGonzalezEc
 y 
@DiegoBorjaPC
 es el binomio escogido por la 
@RC5Oficial
 para participar en las elecciones 2025. Mientras que para asambleístas nacionales figuran los nombres de Ricardo Patiño, Xavier Lasso y Paola Cabezas.",https://x.com/ecuainm_oficial/status/1822332487449657591/history,N/A
Carlos_Rabascall,https://x.com/ecuainm_oficial/status/1822332487449657591,@ecuainm_oficial,2024-08-10T18:01:36.000Z,"#URGENTE
 
@LuisaGonzalezEc
 y 
@DiegoBorjaPC
 es el binomio escogido por la 
@RC5Oficial
 para participar en las elecciones 2025. Mientras que para asambleístas nacionales figuran los nombres de Ricardo Patiño, Xavier Lasso y Paola Cabezas.",https://x.com/ecuainm_oficial/status/1822332487449657591/photo/1,"#URGENTE #URGENTE @LuisaGonzalezEc @LuisaGonzalezEc @LuisaGonzalezEc y @DiegoBorjaPC @DiegoBorjaPC @DiegoBorjaPC es el binomio escogido por la @RC5Oficial @RC5Oficial @RC5Oficial para participar en las elecciones 2025. Mientras que para asambleístas nacionales figuran los nombres de Ricardo Patiño, Xavier Lasso y Paola Cabezas."
Carlos_Rabascall,https://x.com/locurastereoec/status/1752878320226635814,@locurastereoec,2024-02-01T02:15:33.000Z,"#LocuraNoticias | Elecciones 2025 | Carlos Rabascall se anuncia como precandidato a la Presidencia de la República

Rabascall representará a Centro Democrático, la organización política liderada por Jimmy Jairala.
Aquí los detalles 
locurastereoradiotv.com/2024/01/31/ele
…",https://x.com/locurastereoec/status/1752878320226635814/photo/1,"#LocuraNoticias #LocuraNoticias | Elecciones 2025 | Carlos Rabascall se anuncia como precandidato a la Presidencia de la República

Rabascall representará a Centro Democrático, la organización política liderada por Jimmy Jairala.
Aquí los detalles locurastereoradiotv.com/2024/01/31/ele
… …"
Carlos_Rabascall,https://x.com/DerechaDiarioEC/status/1871657654655021553/photo/1,@DerechaDiarioEC,2024-12-24T20:42:13.000Z," | El comunista Rafael Correa detalló su plan político para 2025: Convocar una asamblea constituyente para permitir la reelección indefinida, reemplazar autoridades de control y eliminar procesos judiciales en su contra.",https://x.com/Fabinmoreno25/status/1871825274628915642,Y el hdp que está en el poder en Ecuador lo hizo en menos de un año!! Nos siguen mintiendo prensa corrupta
Carlos_Rabascall,https://x.com/DerechaDiarioEC/status/1871657654655021553/photo/1,@DerechaDiarioEC,2024-12-24T20:42:13.000Z," | El comunista Rafael Correa detalló su plan político para 2025: Convocar una asamblea constituyente para permitir la reelección indefinida, reemplazar autoridades de control y eliminar procesos judiciales en su contra.",https://x.com/Fabinmoreno25/status/1871825274628915642,Y el hdp que está en el poder en Ecuador lo hizo en menos de un año!! Nos siguen mintiendo prensa corrupta
Carlos_Rabascall,https://x.com/DerechaDiarioEC/status/1871657654655021553/photo/1,@DerechaDiarioEC,2024-12-24T20:42:13.000Z," | El comunista Rafael Correa detalló su plan político para 2025: Convocar una asamblea constituyente para permitir la reelección indefinida, reemplazar autoridades de control y eliminar procesos judiciales en su contra.",https://x.com/Jeremy_Antuam/status/1871918035289989445,"Dónde este desalmado regrese al poder, solo Dios nos puede ayudar, este señor tiene problemas mentales y los disfraza de liderazgo."
Carlos_Rabascall,https://x.com/DerechaDiarioEC/status/1871657654655021553/photo/1,@DerechaDiarioEC,2024-12-24T20:42:13.000Z," | El comunista Rafael Correa detalló su plan político para 2025: Convocar una asamblea constituyente para permitir la reelección indefinida, reemplazar autoridades de control y eliminar procesos judiciales en su contra.",https://x.com/wladimir_ponce/status/1871803920454164483,N/A
Carlos_Rabascall,https://x.com/DerechaDiarioEC/status/1871657654655021553/photo/1,@DerechaDiarioEC,2024-12-24T20:42:13.000Z," | El comunista Rafael Correa detalló su plan político para 2025: Convocar una asamblea constituyente para permitir la reelección indefinida, reemplazar autoridades de control y eliminar procesos judiciales en su contra.",https://x.com/wladimir_ponce/status/1871803920454164483,N/A
Carlos_Rabascall,https://x.com/DerechaDiarioEC/status/1871657654655021553/photo/1,@DerechaDiarioEC,2024-12-24T20:42:13.000Z," | El comunista Rafael Correa detalló su plan político para 2025: Convocar una asamblea constituyente para permitir la reelección indefinida, reemplazar autoridades de control y eliminar procesos judiciales en su contra.",https://x.com/wladimir_ponce/status/1871803920454164483/photo/1,N/A
Carlos_Rabascall,https://x.com/DerechaDiarioEC/status/1871657654655021553/photo/1,@DerechaDiarioEC,2024-12-24T20:42:13.000Z," | El comunista Rafael Correa detalló su plan político para 2025: Convocar una asamblea constituyente para permitir la reelección indefinida, reemplazar autoridades de control y eliminar procesos judiciales en su contra.",https://x.com/JuanPab40442210/status/1872006854785855595,Desmantelar qué Patrón? Ya no queda nada.
Carlos_Rabascall,https://x.com/DerechaDiarioEC/status/1871657654655021553/photo/1,@DerechaDiarioEC,2024-12-24T20:42:13.000Z," | El comunista Rafael Correa detalló su plan político para 2025: Convocar una asamblea constituyente para permitir la reelección indefinida, reemplazar autoridades de control y eliminar procesos judiciales en su contra.",https://x.com/Jeremy_Antuam/status/1871918035289989445,"Dónde este desalmado regrese al poder, solo Dios nos puede ayudar, este señor tiene problemas mentales y los disfraza de liderazgo."
Carlos_Rabascall,https://x.com/DerechaDiarioEC/status/1871657654655021553/photo/1,@DerechaDiarioEC,2024-12-24T20:42:13.000Z," | El comunista Rafael Correa detalló su plan político para 2025: Convocar una asamblea constituyente para permitir la reelección indefinida, reemplazar autoridades de control y eliminar procesos judiciales en su contra.",https://x.com/DerechaDiarioEC/status/1871657654655021553,"| El comunista Rafael Correa detalló su plan político para 2025: Convocar una asamblea constituyente para permitir la reelección indefinida, reemplazar autoridades de control y eliminar procesos judiciales en su contra."
Carlos_Rabascall,https://x.com/DerechaDiarioEC/status/1871657654655021553/photo/1,@DerechaDiarioEC,2024-12-24T20:42:13.000Z," | El comunista Rafael Correa detalló su plan político para 2025: Convocar una asamblea constituyente para permitir la reelección indefinida, reemplazar autoridades de control y eliminar procesos judiciales en su contra.",https://x.com/JuanPab40442210/status/1872006854785855595,Desmantelar qué Patrón? Ya no queda nada.
Carlos_Rabascall,https://x.com/JuanRamonCast12/status/1834033060171399483,@JuanRamonCast12,2024-09-12T00:55:30.000Z,"MUY INTERESANTE IDEA.
PERO SERÍA MEJOR MATERIALIZARLA.
COMO???
VOTANDO POR LUISA GONZALES LA LISTA RC5.
ESTE FEBRERO DEL 2025 MATERIALICEMOS NUESTROS SUEÑOS DE PROGRESO VOTANDO CON INTELIGENCIA.
LA OPCION ES SOLO UNA,
RAYANDO TODO LISTA RC5.",https://x.com/Vino7934592262/status/1834267251278520794/photo/1,N/A
Carlos_Rabascall,https://x.com/JuanRamonCast12/status/1834033060171399483,@JuanRamonCast12,2024-09-12T00:55:30.000Z,"MUY INTERESANTE IDEA.
PERO SERÍA MEJOR MATERIALIZARLA.
COMO???
VOTANDO POR LUISA GONZALES LA LISTA RC5.
ESTE FEBRERO DEL 2025 MATERIALICEMOS NUESTROS SUEÑOS DE PROGRESO VOTANDO CON INTELIGENCIA.
LA OPCION ES SOLO UNA,
RAYANDO TODO LISTA RC5.",https://x.com/Vino7934592262/status/1834267251278520794,N/A
Carlos_Rabascall,https://x.com/JuanRamonCast12/status/1834033060171399483,@JuanRamonCast12,2024-09-12T00:55:30.000Z,"MUY INTERESANTE IDEA.
PERO SERÍA MEJOR MATERIALIZARLA.
COMO???
VOTANDO POR LUISA GONZALES LA LISTA RC5.
ESTE FEBRERO DEL 2025 MATERIALICEMOS NUESTROS SUEÑOS DE PROGRESO VOTANDO CON INTELIGENCIA.
LA OPCION ES SOLO UNA,
RAYANDO TODO LISTA RC5.",https://x.com/Vino7934592262/status/1834267251278520794,N/A
Carlos_Rabascall,https://x.com/eluniversocom/status/1871308208377090442,@eluniversocom,2024-12-23T21:33:38.000Z,"#DanielNoboa |  A partir del 5 de enero próximo el país entra a un proceso de campaña electoral para las elecciones generales de febrero de 2025. 
ow.ly/4CVp50UwhhE",https://x.com/chchcharlie/status/1871966374408630704,Que hdp
Carlos_Rabascall,https://x.com/eluniversocom/status/1871308208377090442,@eluniversocom,2024-12-23T21:33:38.000Z,"#DanielNoboa |  A partir del 5 de enero próximo el país entra a un proceso de campaña electoral para las elecciones generales de febrero de 2025. 
ow.ly/4CVp50UwhhE",https://x.com/MarcoCe68826591/status/1871336759814221943,"Veamo si la Atamaint y su equipo de prorrogados hacen respetar la Ley,,"
Carlos_Rabascall,https://x.com/eluniversocom/status/1871308208377090442,@eluniversocom,2024-12-23T21:33:38.000Z,"#DanielNoboa |  A partir del 5 de enero próximo el país entra a un proceso de campaña electoral para las elecciones generales de febrero de 2025. 
ow.ly/4CVp50UwhhE",https://x.com/lexjurys/status/1871536340942361061/photo/1,Brutos y narcos.
Carlos_Rabascall,https://x.com/eluniversocom/status/1871308208377090442,@eluniversocom,2024-12-23T21:33:38.000Z,"#DanielNoboa |  A partir del 5 de enero próximo el país entra a un proceso de campaña electoral para las elecciones generales de febrero de 2025. 
ow.ly/4CVp50UwhhE",https://x.com/JuliaRueda16/status/1871908874846191734,Al Dictador Monarca y oligarca Dictador Daniel Noboa yo le digo No y No
Carlos_Rabascall,https://x.com/eluniversocom/status/1871308208377090442,@eluniversocom,2024-12-23T21:33:38.000Z,"#DanielNoboa |  A partir del 5 de enero próximo el país entra a un proceso de campaña electoral para las elecciones generales de febrero de 2025. 
ow.ly/4CVp50UwhhE",https://x.com/Guarakmens/status/1871347928536957411,"El hijueputismo en todo su esplendor. Osea cuando sea el día del debate presidenciale, @DanielNoboaOk @DanielNoboaOk @DanielNoboaOk iria como presidente en funciones y no, como candidato...¿? Ya se pasan de de vrg... @TCE_Ecuador @TCE_Ecuador @TCE_Ecuador ."
Carlos_Rabascall,https://x.com/eluniversocom/status/1871308208377090442,@eluniversocom,2024-12-23T21:33:38.000Z,"#DanielNoboa |  A partir del 5 de enero próximo el país entra a un proceso de campaña electoral para las elecciones generales de febrero de 2025. 
ow.ly/4CVp50UwhhE",https://x.com/RaulPB512/status/1871337844599619840,"Debe pedir licencia como la ley lo establece, pero a el como le gusta pisar la leyes interncionales , le vale las leyes Nacionales, ya falta poco todo 5"
Carlos_Rabascall,https://x.com/eluniversocom/status/1871308208377090442,@eluniversocom,2024-12-23T21:33:38.000Z,"#DanielNoboa |  A partir del 5 de enero próximo el país entra a un proceso de campaña electoral para las elecciones generales de febrero de 2025. 
ow.ly/4CVp50UwhhE",https://x.com/AnaVerg81477323/status/1871509201375441070,Pueblo ecuatoriano Noboa es un peligro para el país
Carlos_Rabascall,https://x.com/eluniversocom/status/1871308208377090442,@eluniversocom,2024-12-23T21:33:38.000Z,"#DanielNoboa |  A partir del 5 de enero próximo el país entra a un proceso de campaña electoral para las elecciones generales de febrero de 2025. 
ow.ly/4CVp50UwhhE",https://x.com/lexjurys/status/1871536340942361061,Brutos y narcos.
Carlos_Rabascall,https://x.com/eluniversocom/status/1871308208377090442,@eluniversocom,2024-12-23T21:33:38.000Z,"#DanielNoboa |  A partir del 5 de enero próximo el país entra a un proceso de campaña electoral para las elecciones generales de febrero de 2025. 
ow.ly/4CVp50UwhhE",https://x.com/MANUELARIA15538/status/1871723355147309158,"Y quien es ese mamarracho de ministro para afirmar semejante barbaridad, de lo cual se hace eco la prensa corrupta y pautera del cuenterillo de carondelet."
Carlos_Rabascall,https://x.com/eluniversocom/status/1871308208377090442,@eluniversocom,2024-12-23T21:33:38.000Z,"#DanielNoboa |  A partir del 5 de enero próximo el país entra a un proceso de campaña electoral para las elecciones generales de febrero de 2025. 
ow.ly/4CVp50UwhhE",https://x.com/Guarakmens/status/1871347928536957411,"El hijueputismo en todo su esplendor. Osea cuando sea el día del debate presidenciale, @DanielNoboaOk @DanielNoboaOk @DanielNoboaOk iria como presidente en funciones y no, como candidato...¿? Ya se pasan de de vrg... @TCE_Ecuador @TCE_Ecuador @TCE_Ecuador ."
Carlos_Rabascall,https://x.com/eluniversocom/status/1871308208377090442,@eluniversocom,2024-12-23T21:33:38.000Z,"#DanielNoboa |  A partir del 5 de enero próximo el país entra a un proceso de campaña electoral para las elecciones generales de febrero de 2025. 
ow.ly/4CVp50UwhhE",https://x.com/lexjurys/status/1871536340942361061,Brutos y narcos.
Carlos_Rabascall,https://x.com/eluniversocom/status/1871308208377090442,@eluniversocom,2024-12-23T21:33:38.000Z,"#DanielNoboa |  A partir del 5 de enero próximo el país entra a un proceso de campaña electoral para las elecciones generales de febrero de 2025. 
ow.ly/4CVp50UwhhE",https://x.com/SolandaRamirez/status/1871357449074348399,Más despercido en el gobierno del dictador
Carlos_Rabascall,https://x.com/eluniversocom/status/1871308208377090442,@eluniversocom,2024-12-23T21:33:38.000Z,"#DanielNoboa |  A partir del 5 de enero próximo el país entra a un proceso de campaña electoral para las elecciones generales de febrero de 2025. 
ow.ly/4CVp50UwhhE",https://x.com/slender2015/status/1871327730681221331,Creo que esto va aquí
Carlos_Rabascall,https://x.com/eluniversocom/status/1871308208377090442,@eluniversocom,2024-12-23T21:33:38.000Z,"#DanielNoboa |  A partir del 5 de enero próximo el país entra a un proceso de campaña electoral para las elecciones generales de febrero de 2025. 
ow.ly/4CVp50UwhhE",https://x.com/SolandaRamirez/status/1871357449074348399,Más despercido en el gobierno del dictador
Carlos_Rabascall,https://x.com/eluniversocom/status/1871308208377090442,@eluniversocom,2024-12-23T21:33:38.000Z,"#DanielNoboa |  A partir del 5 de enero próximo el país entra a un proceso de campaña electoral para las elecciones generales de febrero de 2025. 
ow.ly/4CVp50UwhhE",https://x.com/Max_SolisX/status/1871495408335372562,Se pasan las leyes por el
Carlos_Rabascall,https://x.com/eluniversocom/status/1871308208377090442,@eluniversocom,2024-12-23T21:33:38.000Z,"#DanielNoboa |  A partir del 5 de enero próximo el país entra a un proceso de campaña electoral para las elecciones generales de febrero de 2025. 
ow.ly/4CVp50UwhhE",https://x.com/MonaMoraSol/status/1871374875568619567,".

gobierno que desaparece niños quiere volver

."
Carlos_Rabascall,https://x.com/eluniversocom/status/1871308208377090442,@eluniversocom,2024-12-23T21:33:38.000Z,"#DanielNoboa |  A partir del 5 de enero próximo el país entra a un proceso de campaña electoral para las elecciones generales de febrero de 2025. 
ow.ly/4CVp50UwhhE",https://x.com/JuliaRueda16/status/1871908874846191734,Al Dictador Monarca y oligarca Dictador Daniel Noboa yo le digo No y No
Carlos_Rabascall,https://x.com/eluniversocom/status/1871308208377090442,@eluniversocom,2024-12-23T21:33:38.000Z,"#DanielNoboa |  A partir del 5 de enero próximo el país entra a un proceso de campaña electoral para las elecciones generales de febrero de 2025. 
ow.ly/4CVp50UwhhE",https://x.com/EdgarLenin1707/status/1871323237390450777,Asco de gobierno. 52% quieren más
Carlos_Rabascall,https://x.com/eluniversocom/status/1871308208377090442,@eluniversocom,2024-12-23T21:33:38.000Z,"#DanielNoboa |  A partir del 5 de enero próximo el país entra a un proceso de campaña electoral para las elecciones generales de febrero de 2025. 
ow.ly/4CVp50UwhhE",https://x.com/slender2015/status/1871327730681221331/photo/1,Creo que esto va aquí
Carlos_Rabascall,https://x.com/eluniversocom/status/1871308208377090442,@eluniversocom,2024-12-23T21:33:38.000Z,"#DanielNoboa |  A partir del 5 de enero próximo el país entra a un proceso de campaña electoral para las elecciones generales de febrero de 2025. 
ow.ly/4CVp50UwhhE",https://x.com/EdgarLenin1707/status/1871323237390450777,Asco de gobierno. 52% quieren más
Carlos_Rabascall,https://x.com/eluniversocom/status/1871308208377090442,@eluniversocom,2024-12-23T21:33:38.000Z,"#DanielNoboa |  A partir del 5 de enero próximo el país entra a un proceso de campaña electoral para las elecciones generales de febrero de 2025. 
ow.ly/4CVp50UwhhE",https://x.com/chchcharlie/status/1871966374408630704,Que hdp
Carlos_Rabascall,https://x.com/eluniversocom/status/1871308208377090442,@eluniversocom,2024-12-23T21:33:38.000Z,"#DanielNoboa |  A partir del 5 de enero próximo el país entra a un proceso de campaña electoral para las elecciones generales de febrero de 2025. 
ow.ly/4CVp50UwhhE",https://x.com/RaulPB512/status/1871337844599619840,"Debe pedir licencia como la ley lo establece, pero a el como le gusta pisar la leyes interncionales , le vale las leyes Nacionales, ya falta poco todo 5"
Carlos_Rabascall,https://x.com/eluniversocom/status/1871308208377090442,@eluniversocom,2024-12-23T21:33:38.000Z,"#DanielNoboa |  A partir del 5 de enero próximo el país entra a un proceso de campaña electoral para las elecciones generales de febrero de 2025. 
ow.ly/4CVp50UwhhE",https://x.com/slender2015/status/1871327730681221331,Creo que esto va aquí
Carlos_Rabascall,https://x.com/eluniversocom/status/1871308208377090442,@eluniversocom,2024-12-23T21:33:38.000Z,"#DanielNoboa |  A partir del 5 de enero próximo el país entra a un proceso de campaña electoral para las elecciones generales de febrero de 2025. 
ow.ly/4CVp50UwhhE",https://x.com/MarcoCe68826591/status/1871336759814221943,"Veamo si la Atamaint y su equipo de prorrogados hacen respetar la Ley,,"
Carlos_Rabascall,https://x.com/eluniversocom/status/1871308208377090442,@eluniversocom,2024-12-23T21:33:38.000Z,"#DanielNoboa |  A partir del 5 de enero próximo el país entra a un proceso de campaña electoral para las elecciones generales de febrero de 2025. 
ow.ly/4CVp50UwhhE",https://x.com/MonaMoraSol/status/1871374875568619567,".

gobierno que desaparece niños quiere volver

."
Carlos_Rabascall,https://x.com/eluniversocom/status/1871308208377090442,@eluniversocom,2024-12-23T21:33:38.000Z,"#DanielNoboa |  A partir del 5 de enero próximo el país entra a un proceso de campaña electoral para las elecciones generales de febrero de 2025. 
ow.ly/4CVp50UwhhE",https://x.com/MANUELARIA15538/status/1871723355147309158,"Y quien es ese mamarracho de ministro para afirmar semejante barbaridad, de lo cual se hace eco la prensa corrupta y pautera del cuenterillo de carondelet."
Carlos_Rabascall,https://x.com/eluniversocom/status/1871308208377090442,@eluniversocom,2024-12-23T21:33:38.000Z,"#DanielNoboa |  A partir del 5 de enero próximo el país entra a un proceso de campaña electoral para las elecciones generales de febrero de 2025. 
ow.ly/4CVp50UwhhE",https://x.com/Max_SolisX/status/1871495408335372562,Se pasan las leyes por el
Carlos_Rabascall,https://x.com/eluniversocom/status/1871308208377090442,@eluniversocom,2024-12-23T21:33:38.000Z,"#DanielNoboa |  A partir del 5 de enero próximo el país entra a un proceso de campaña electoral para las elecciones generales de febrero de 2025. 
ow.ly/4CVp50UwhhE",https://x.com/AnaVerg81477323/status/1871509201375441070,Pueblo ecuatoriano Noboa es un peligro para el país
Carlos_Rabascall,https://x.com/eluniversocom/status/1871308208377090442,@eluniversocom,2024-12-23T21:33:38.000Z,"#DanielNoboa |  A partir del 5 de enero próximo el país entra a un proceso de campaña electoral para las elecciones generales de febrero de 2025. 
ow.ly/4CVp50UwhhE",https://x.com/eluniversocom/status/1871308208377090442/photo/1,#DanielNoboa #DanielNoboa |  A partir del 5 de enero próximo el país entra a un proceso de campaña electoral para las elecciones generales de febrero de 2025. ow.ly/4CVp50UwhhE
Carlos_Rabascall,https://x.com/eluniversocom/status/1871308208377090442,@eluniversocom,2024-12-23T21:33:38.000Z,"#DanielNoboa |  A partir del 5 de enero próximo el país entra a un proceso de campaña electoral para las elecciones generales de febrero de 2025. 
ow.ly/4CVp50UwhhE",https://x.com/BMontano61698/status/1871342283397947436,La ley es para todos están muy confiados
Carlos_Rabascall,https://x.com/eluniversocom/status/1871308208377090442,@eluniversocom,2024-12-23T21:33:38.000Z,"#DanielNoboa |  A partir del 5 de enero próximo el país entra a un proceso de campaña electoral para las elecciones generales de febrero de 2025. 
ow.ly/4CVp50UwhhE",https://x.com/BMontano61698/status/1871342283397947436,La ley es para todos están muy confiados
Carlos_Rabascall,https://x.com/eluniversocom/status/1871308208377090442,@eluniversocom,2024-12-23T21:33:38.000Z,"#DanielNoboa |  A partir del 5 de enero próximo el país entra a un proceso de campaña electoral para las elecciones generales de febrero de 2025. 
ow.ly/4CVp50UwhhE",https://x.com/Alejand56669127/status/1871311888140615883,"El gobierno de los vacíos legales, ya cree que puede hacer lo que le da la gana al dictador de cartón."
Carlos_Rabascall,https://x.com/eluniversocom/status/1871308208377090442,@eluniversocom,2024-12-23T21:33:38.000Z,"#DanielNoboa |  A partir del 5 de enero próximo el país entra a un proceso de campaña electoral para las elecciones generales de febrero de 2025. 
ow.ly/4CVp50UwhhE",https://x.com/Alejand56669127/status/1871311888140615883,"El gobierno de los vacíos legales, ya cree que puede hacer lo que le da la gana al dictador de cartón."
Carlos_Rabascall,https://x.com/Expresoec/status/1804264312518668440,@Expresoec,2024-06-21T21:25:08.000Z,"Luego de que Carlos Rabascall abandonara la precandidatura presidencial por Centro Democrático, la dirigencia está buscando un abanderado que los represente en las elecciones del 2025. En este contexto, Jimmy Jairala salta al ruedo. 

Lee más  
bit.ly/3zdJsPs",https://x.com/Expresoec/status/1804264312518668440/photo/1,"Luego de que Carlos Rabascall abandonara la precandidatura presidencial por Centro Democrático, la dirigencia está buscando un abanderado que los represente en las elecciones del 2025. En este contexto, Jimmy Jairala salta al ruedo. 

Lee más bit.ly/3zdJsPs"
Carlos_Rabascall,https://x.com/eluniversocom/status/1871308208377090442,@eluniversocom,2024-12-23T21:33:38.000Z,"#DanielNoboa |  A partir del 5 de enero próximo el país entra a un proceso de campaña electoral para las elecciones generales de febrero de 2025. 
ow.ly/4CVp50UwhhE",https://x.com/chchcharlie/status/1871966374408630704,Que hdp
Carlos_Rabascall,https://x.com/eluniversocom/status/1871308208377090442,@eluniversocom,2024-12-23T21:33:38.000Z,"#DanielNoboa |  A partir del 5 de enero próximo el país entra a un proceso de campaña electoral para las elecciones generales de febrero de 2025. 
ow.ly/4CVp50UwhhE",https://x.com/MarcoCe68826591/status/1871336759814221943,"Veamo si la Atamaint y su equipo de prorrogados hacen respetar la Ley,,"
Carlos_Rabascall,https://x.com/eluniversocom/status/1871308208377090442,@eluniversocom,2024-12-23T21:33:38.000Z,"#DanielNoboa |  A partir del 5 de enero próximo el país entra a un proceso de campaña electoral para las elecciones generales de febrero de 2025. 
ow.ly/4CVp50UwhhE",https://x.com/lexjurys/status/1871536340942361061/photo/1,Brutos y narcos.
Carlos_Rabascall,https://x.com/eluniversocom/status/1871308208377090442,@eluniversocom,2024-12-23T21:33:38.000Z,"#DanielNoboa |  A partir del 5 de enero próximo el país entra a un proceso de campaña electoral para las elecciones generales de febrero de 2025. 
ow.ly/4CVp50UwhhE",https://x.com/JuliaRueda16/status/1871908874846191734,Al Dictador Monarca y oligarca Dictador Daniel Noboa yo le digo No y No
Carlos_Rabascall,https://x.com/eluniversocom/status/1871308208377090442,@eluniversocom,2024-12-23T21:33:38.000Z,"#DanielNoboa |  A partir del 5 de enero próximo el país entra a un proceso de campaña electoral para las elecciones generales de febrero de 2025. 
ow.ly/4CVp50UwhhE",https://x.com/Guarakmens/status/1871347928536957411,"El hijueputismo en todo su esplendor. Osea cuando sea el día del debate presidenciale, @DanielNoboaOk @DanielNoboaOk @DanielNoboaOk iria como presidente en funciones y no, como candidato...¿? Ya se pasan de de vrg... @TCE_Ecuador @TCE_Ecuador @TCE_Ecuador ."
Carlos_Rabascall,https://x.com/eluniversocom/status/1871308208377090442,@eluniversocom,2024-12-23T21:33:38.000Z,"#DanielNoboa |  A partir del 5 de enero próximo el país entra a un proceso de campaña electoral para las elecciones generales de febrero de 2025. 
ow.ly/4CVp50UwhhE",https://x.com/RaulPB512/status/1871337844599619840,"Debe pedir licencia como la ley lo establece, pero a el como le gusta pisar la leyes interncionales , le vale las leyes Nacionales, ya falta poco todo 5"
Carlos_Rabascall,https://x.com/eluniversocom/status/1871308208377090442,@eluniversocom,2024-12-23T21:33:38.000Z,"#DanielNoboa |  A partir del 5 de enero próximo el país entra a un proceso de campaña electoral para las elecciones generales de febrero de 2025. 
ow.ly/4CVp50UwhhE",https://x.com/AnaVerg81477323/status/1871509201375441070,Pueblo ecuatoriano Noboa es un peligro para el país
Carlos_Rabascall,https://x.com/eluniversocom/status/1871308208377090442,@eluniversocom,2024-12-23T21:33:38.000Z,"#DanielNoboa |  A partir del 5 de enero próximo el país entra a un proceso de campaña electoral para las elecciones generales de febrero de 2025. 
ow.ly/4CVp50UwhhE",https://x.com/lexjurys/status/1871536340942361061,Brutos y narcos.
Carlos_Rabascall,https://x.com/eluniversocom/status/1871308208377090442,@eluniversocom,2024-12-23T21:33:38.000Z,"#DanielNoboa |  A partir del 5 de enero próximo el país entra a un proceso de campaña electoral para las elecciones generales de febrero de 2025. 
ow.ly/4CVp50UwhhE",https://x.com/MANUELARIA15538/status/1871723355147309158,"Y quien es ese mamarracho de ministro para afirmar semejante barbaridad, de lo cual se hace eco la prensa corrupta y pautera del cuenterillo de carondelet."
Carlos_Rabascall,https://x.com/eluniversocom/status/1871308208377090442,@eluniversocom,2024-12-23T21:33:38.000Z,"#DanielNoboa |  A partir del 5 de enero próximo el país entra a un proceso de campaña electoral para las elecciones generales de febrero de 2025. 
ow.ly/4CVp50UwhhE",https://x.com/Guarakmens/status/1871347928536957411,"El hijueputismo en todo su esplendor. Osea cuando sea el día del debate presidenciale, @DanielNoboaOk @DanielNoboaOk @DanielNoboaOk iria como presidente en funciones y no, como candidato...¿? Ya se pasan de de vrg... @TCE_Ecuador @TCE_Ecuador @TCE_Ecuador ."
Carlos_Rabascall,https://x.com/eluniversocom/status/1871308208377090442,@eluniversocom,2024-12-23T21:33:38.000Z,"#DanielNoboa |  A partir del 5 de enero próximo el país entra a un proceso de campaña electoral para las elecciones generales de febrero de 2025. 
ow.ly/4CVp50UwhhE",https://x.com/lexjurys/status/1871536340942361061,Brutos y narcos.
Carlos_Rabascall,https://x.com/eluniversocom/status/1871308208377090442,@eluniversocom,2024-12-23T21:33:38.000Z,"#DanielNoboa |  A partir del 5 de enero próximo el país entra a un proceso de campaña electoral para las elecciones generales de febrero de 2025. 
ow.ly/4CVp50UwhhE",https://x.com/SolandaRamirez/status/1871357449074348399,Más despercido en el gobierno del dictador
Carlos_Rabascall,https://x.com/eluniversocom/status/1871308208377090442,@eluniversocom,2024-12-23T21:33:38.000Z,"#DanielNoboa |  A partir del 5 de enero próximo el país entra a un proceso de campaña electoral para las elecciones generales de febrero de 2025. 
ow.ly/4CVp50UwhhE",https://x.com/slender2015/status/1871327730681221331,Creo que esto va aquí
Carlos_Rabascall,https://x.com/eluniversocom/status/1871308208377090442,@eluniversocom,2024-12-23T21:33:38.000Z,"#DanielNoboa |  A partir del 5 de enero próximo el país entra a un proceso de campaña electoral para las elecciones generales de febrero de 2025. 
ow.ly/4CVp50UwhhE",https://x.com/SolandaRamirez/status/1871357449074348399,Más despercido en el gobierno del dictador
Carlos_Rabascall,https://x.com/eluniversocom/status/1871308208377090442,@eluniversocom,2024-12-23T21:33:38.000Z,"#DanielNoboa |  A partir del 5 de enero próximo el país entra a un proceso de campaña electoral para las elecciones generales de febrero de 2025. 
ow.ly/4CVp50UwhhE",https://x.com/Max_SolisX/status/1871495408335372562,Se pasan las leyes por el
Carlos_Rabascall,https://x.com/eluniversocom/status/1871308208377090442,@eluniversocom,2024-12-23T21:33:38.000Z,"#DanielNoboa |  A partir del 5 de enero próximo el país entra a un proceso de campaña electoral para las elecciones generales de febrero de 2025. 
ow.ly/4CVp50UwhhE",https://x.com/MonaMoraSol/status/1871374875568619567,".

gobierno que desaparece niños quiere volver

."
Carlos_Rabascall,https://x.com/eluniversocom/status/1871308208377090442,@eluniversocom,2024-12-23T21:33:38.000Z,"#DanielNoboa |  A partir del 5 de enero próximo el país entra a un proceso de campaña electoral para las elecciones generales de febrero de 2025. 
ow.ly/4CVp50UwhhE",https://x.com/JuliaRueda16/status/1871908874846191734,Al Dictador Monarca y oligarca Dictador Daniel Noboa yo le digo No y No
Carlos_Rabascall,https://x.com/eluniversocom/status/1871308208377090442,@eluniversocom,2024-12-23T21:33:38.000Z,"#DanielNoboa |  A partir del 5 de enero próximo el país entra a un proceso de campaña electoral para las elecciones generales de febrero de 2025. 
ow.ly/4CVp50UwhhE",https://x.com/EdgarLenin1707/status/1871323237390450777,Asco de gobierno. 52% quieren más
Carlos_Rabascall,https://x.com/eluniversocom/status/1871308208377090442,@eluniversocom,2024-12-23T21:33:38.000Z,"#DanielNoboa |  A partir del 5 de enero próximo el país entra a un proceso de campaña electoral para las elecciones generales de febrero de 2025. 
ow.ly/4CVp50UwhhE",https://x.com/slender2015/status/1871327730681221331/photo/1,Creo que esto va aquí
Carlos_Rabascall,https://x.com/eluniversocom/status/1871308208377090442,@eluniversocom,2024-12-23T21:33:38.000Z,"#DanielNoboa |  A partir del 5 de enero próximo el país entra a un proceso de campaña electoral para las elecciones generales de febrero de 2025. 
ow.ly/4CVp50UwhhE",https://x.com/EdgarLenin1707/status/1871323237390450777,Asco de gobierno. 52% quieren más
Carlos_Rabascall,https://x.com/eluniversocom/status/1871308208377090442,@eluniversocom,2024-12-23T21:33:38.000Z,"#DanielNoboa |  A partir del 5 de enero próximo el país entra a un proceso de campaña electoral para las elecciones generales de febrero de 2025. 
ow.ly/4CVp50UwhhE",https://x.com/chchcharlie/status/1871966374408630704,Que hdp
Carlos_Rabascall,https://x.com/eluniversocom/status/1871308208377090442,@eluniversocom,2024-12-23T21:33:38.000Z,"#DanielNoboa |  A partir del 5 de enero próximo el país entra a un proceso de campaña electoral para las elecciones generales de febrero de 2025. 
ow.ly/4CVp50UwhhE",https://x.com/RaulPB512/status/1871337844599619840,"Debe pedir licencia como la ley lo establece, pero a el como le gusta pisar la leyes interncionales , le vale las leyes Nacionales, ya falta poco todo 5"
Carlos_Rabascall,https://x.com/eluniversocom/status/1871308208377090442,@eluniversocom,2024-12-23T21:33:38.000Z,"#DanielNoboa |  A partir del 5 de enero próximo el país entra a un proceso de campaña electoral para las elecciones generales de febrero de 2025. 
ow.ly/4CVp50UwhhE",https://x.com/slender2015/status/1871327730681221331,Creo que esto va aquí
Carlos_Rabascall,https://x.com/eluniversocom/status/1871308208377090442,@eluniversocom,2024-12-23T21:33:38.000Z,"#DanielNoboa |  A partir del 5 de enero próximo el país entra a un proceso de campaña electoral para las elecciones generales de febrero de 2025. 
ow.ly/4CVp50UwhhE",https://x.com/MarcoCe68826591/status/1871336759814221943,"Veamo si la Atamaint y su equipo de prorrogados hacen respetar la Ley,,"
Carlos_Rabascall,https://x.com/eluniversocom/status/1871308208377090442,@eluniversocom,2024-12-23T21:33:38.000Z,"#DanielNoboa |  A partir del 5 de enero próximo el país entra a un proceso de campaña electoral para las elecciones generales de febrero de 2025. 
ow.ly/4CVp50UwhhE",https://x.com/MonaMoraSol/status/1871374875568619567,N/A
Carlos_Rabascall,https://x.com/eluniversocom/status/1871308208377090442,@eluniversocom,2024-12-23T21:33:38.000Z,"#DanielNoboa |  A partir del 5 de enero próximo el país entra a un proceso de campaña electoral para las elecciones generales de febrero de 2025. 
ow.ly/4CVp50UwhhE",https://x.com/MANUELARIA15538/status/1871723355147309158,N/A
Carlos_Rabascall,https://x.com/eluniversocom/status/1871308208377090442,@eluniversocom,2024-12-23T21:33:38.000Z,"#DanielNoboa |  A partir del 5 de enero próximo el país entra a un proceso de campaña electoral para las elecciones generales de febrero de 2025. 
ow.ly/4CVp50UwhhE",https://x.com/Max_SolisX/status/1871495408335372562,N/A
Carlos_Rabascall,https://x.com/eluniversocom/status/1871308208377090442,@eluniversocom,2024-12-23T21:33:38.000Z,"#DanielNoboa |  A partir del 5 de enero próximo el país entra a un proceso de campaña electoral para las elecciones generales de febrero de 2025. 
ow.ly/4CVp50UwhhE",https://x.com/AnaVerg81477323/status/1871509201375441070,N/A
Carlos_Rabascall,https://x.com/eluniversocom/status/1871308208377090442,@eluniversocom,2024-12-23T21:33:38.000Z,"#DanielNoboa |  A partir del 5 de enero próximo el país entra a un proceso de campaña electoral para las elecciones generales de febrero de 2025. 
ow.ly/4CVp50UwhhE",https://x.com/eluniversocom/status/1871308208377090442/photo/1,N/A
Carlos_Rabascall,https://x.com/eluniversocom/status/1871308208377090442,@eluniversocom,2024-12-23T21:33:38.000Z,"#DanielNoboa |  A partir del 5 de enero próximo el país entra a un proceso de campaña electoral para las elecciones generales de febrero de 2025. 
ow.ly/4CVp50UwhhE",https://x.com/BMontano61698/status/1871342283397947436,N/A
Carlos_Rabascall,https://x.com/eluniversocom/status/1871308208377090442,@eluniversocom,2024-12-23T21:33:38.000Z,"#DanielNoboa |  A partir del 5 de enero próximo el país entra a un proceso de campaña electoral para las elecciones generales de febrero de 2025. 
ow.ly/4CVp50UwhhE",https://x.com/BMontano61698/status/1871342283397947436,N/A
Carlos_Rabascall,https://x.com/eluniversocom/status/1871308208377090442,@eluniversocom,2024-12-23T21:33:38.000Z,"#DanielNoboa |  A partir del 5 de enero próximo el país entra a un proceso de campaña electoral para las elecciones generales de febrero de 2025. 
ow.ly/4CVp50UwhhE",https://x.com/Alejand56669127/status/1871311888140615883,N/A
Carlos_Rabascall,https://x.com/eluniversocom/status/1871308208377090442,@eluniversocom,2024-12-23T21:33:38.000Z,"#DanielNoboa |  A partir del 5 de enero próximo el país entra a un proceso de campaña electoral para las elecciones generales de febrero de 2025. 
ow.ly/4CVp50UwhhE",https://x.com/Alejand56669127/status/1871311888140615883,N/A
Carlos_Rabascall,https://x.com/ElDatoEcua/status/1667687434031693824,@ElDatoEcua,2023-06-11T00:17:23.000Z,"#ElDato  Carlos Rabascall no estuvo hoy en el lanzamiento del binomio presidencial, no fue parte del proyecto político que hablaron. Rafael Correa fue ingrato con su mejor carta.

Decir que Rabascall estará en las elecciones 2025 es aceptar desde ya la derrota. ¡Entienden!",https://x.com/ElDatoEcua/status/1667687434031693824/photo/1,N/A
Carlos_Rabascall,https://x.com/radio_pichincha/status/1713939435094511960,@radio_pichincha,2023-10-16T15:26:19.000Z,"#ATENCIÓN | Carlos Rabascall dice que en 2025 estará en la papeleta, pues tiene un proyecto político en marcha. Además, menciona que llamará a una unidad nacional.
Fuente: 
@LaPosta_Ecu",https://x.com/mosaca53/status/1713956253033017462,En su vida a trabajado por el país no puedes llegar y ser un candidato y creer que por hablar vas a ganar lo mismo le pasó a Tópic y sin embargo tuvo un 14%
Carlos_Rabascall,https://x.com/radio_pichincha/status/1713939435094511960,@radio_pichincha,2023-10-16T15:26:19.000Z,"#ATENCIÓN | Carlos Rabascall dice que en 2025 estará en la papeleta, pues tiene un proyecto político en marcha. Además, menciona que llamará a una unidad nacional.
Fuente: 
@LaPosta_Ecu",https://x.com/mosaca53/status/1713956253033017462,En su vida a trabajado por el país no puedes llegar y ser un candidato y creer que por hablar vas a ganar lo mismo le pasó a Tópic y sin embargo tuvo un 14%
Carlos_Rabascall,https://x.com/radio_pichincha/status/1713939435094511960,@radio_pichincha,2023-10-16T15:26:19.000Z,"#ATENCIÓN | Carlos Rabascall dice que en 2025 estará en la papeleta, pues tiene un proyecto político en marcha. Además, menciona que llamará a una unidad nacional.
Fuente: 
@LaPosta_Ecu",https://x.com/fraudsearcher2/status/1713946072559558850,El ecuador se cansó de su búsqueda de impunidad  su discurso de Odio. Correismp se ACABÓ!!
Carlos_Rabascall,https://x.com/radio_pichincha/status/1713939435094511960,@radio_pichincha,2023-10-16T15:26:19.000Z,"#ATENCIÓN | Carlos Rabascall dice que en 2025 estará en la papeleta, pues tiene un proyecto político en marcha. Además, menciona que llamará a una unidad nacional.
Fuente: 
@LaPosta_Ecu",https://x.com/fraudsearcher2/status/1713946072559558850,El ecuador se cansó de su búsqueda de impunidad  su discurso de Odio. Correismp se ACABÓ!!
Carlos_Rabascall,https://x.com/Expresoec/status/1823473381640904875/photo/1,@Expresoec,2024-08-13T21:35:07.000Z,"Analía Ledesma, presidenta de la organización política Izquierda Democrática (ID), confirmó que Alejandra Rivas Mantilla es la precandidata para ser binomio de Carlos Rabascall. ¿Quién es Rivas?

Te contamos más
bit.ly/4cs8Ped",https://x.com/Expresoec/status/1823473381640904875,"Analía Ledesma, presidenta de la organización política Izquierda Democrática (ID), confirmó que Alejandra Rivas Mantilla es la precandidata para ser binomio de Carlos Rabascall. ¿Quién es Rivas?

Te contamos más bit.ly/4cs8Ped"
Carlos_Rabascall,https://x.com/locurastereoec/status/1752878320226635814/photo/1,@locurastereoec,2024-02-01T02:15:33.000Z,"#LocuraNoticias | Elecciones 2025 | Carlos Rabascall se anuncia como precandidato a la Presidencia de la República

Rabascall representará a Centro Democrático, la organización política liderada por Jimmy Jairala.
Aquí los detalles 
locurastereoradiotv.com/2024/01/31/ele
…",https://x.com/locurastereoec/status/1752878320226635814,"#LocuraNoticias #LocuraNoticias | Elecciones 2025 | Carlos Rabascall se anuncia como precandidato a la Presidencia de la República

Rabascall representará a Centro Democrático, la organización política liderada por Jimmy Jairala.
Aquí los detalles locurastereoradiotv.com/2024/01/31/ele
… …"
Carlos_Rabascall,https://x.com/JuanRamonCast12/status/1834033060171399483,@JuanRamonCast12,2024-09-12T00:55:30.000Z,"MUY INTERESANTE IDEA.
PERO SERÍA MEJOR MATERIALIZARLA.
COMO???
VOTANDO POR LUISA GONZALES LA LISTA RC5.
ESTE FEBRERO DEL 2025 MATERIALICEMOS NUESTROS SUEÑOS DE PROGRESO VOTANDO CON INTELIGENCIA.
LA OPCION ES SOLO UNA,
RAYANDO TODO LISTA RC5.",https://x.com/Vino7934592262/status/1834267251278520794/photo/1,N/A
Carlos_Rabascall,https://x.com/JuanRamonCast12/status/1834033060171399483,@JuanRamonCast12,2024-09-12T00:55:30.000Z,"MUY INTERESANTE IDEA.
PERO SERÍA MEJOR MATERIALIZARLA.
COMO???
VOTANDO POR LUISA GONZALES LA LISTA RC5.
ESTE FEBRERO DEL 2025 MATERIALICEMOS NUESTROS SUEÑOS DE PROGRESO VOTANDO CON INTELIGENCIA.
LA OPCION ES SOLO UNA,
RAYANDO TODO LISTA RC5.",https://x.com/Vino7934592262/status/1834267251278520794,N/A
Carlos_Rabascall,https://x.com/JuanRamonCast12/status/1834033060171399483,@JuanRamonCast12,2024-09-12T00:55:30.000Z,"MUY INTERESANTE IDEA.
PERO SERÍA MEJOR MATERIALIZARLA.
COMO???
VOTANDO POR LUISA GONZALES LA LISTA RC5.
ESTE FEBRERO DEL 2025 MATERIALICEMOS NUESTROS SUEÑOS DE PROGRESO VOTANDO CON INTELIGENCIA.
LA OPCION ES SOLO UNA,
RAYANDO TODO LISTA RC5.",https://x.com/Vino7934592262/status/1834267251278520794,N/A
Carlos_Rabascall,https://x.com/AlertaEcuador24/status/1817263172526723570,@AlertaEcuador24,2024-07-27T18:17:58.000Z,"Carlos Rabascall.

Pasó de alto chupamedias del correísmo y defensor del socialismo del siglo XXI,  a candidato por la izquierda Democrática.

Rabascall quiere ser candidato presidencial en las elecciones del 2025.",nan,
Carlos_Rabascall,https://x.com/Expresoec/status/1823473381640904875,@Expresoec,2024-08-13T21:35:07.000Z,"Analía Ledesma, presidenta de la organización política Izquierda Democrática (ID), confirmó que Alejandra Rivas Mantilla es la precandidata para ser binomio de Carlos Rabascall. ¿Quién es Rivas?

Te contamos más
bit.ly/4cs8Ped",https://x.com/Expresoec/status/1823473381640904875/photo/1,"Analía Ledesma, presidenta de la organización política Izquierda Democrática (ID), confirmó que Alejandra Rivas Mantilla es la precandidata para ser binomio de Carlos Rabascall. ¿Quién es Rivas?

Te contamos más bit.ly/4cs8Ped"
